From date;To date;Event;Link;Category;Event ID
########################################################
## FORMAT: webtrees gramps-historical-facts
## TOPIC: General world history
## REGION: Worldwide
## VERSION: 1.1
## AUTHOR: Kaj Mikkelsen / HistContext contributors
## CONTACT: https://github.com/kajmikkelsen/HistContext
########################################################
1520;1527;Smallpox (New World);https://wikipedia.org/wiki/Smallpox;Health;10e70fcf-75dc-4410-9c07-aa20fd5925de
1629;1631;Great Bubonic Plague of Milan (Italy);https://wikipedia.org/wiki/Italian_plague_of_1629%E2%80%931631;Health;da321b43-b9b8-4697-b261-4adaa2066d8b
1665;1666;Great Bubonic Plague of London (England);https://wikipedia.org/wiki/Great_Plague_of_London;Health;17f8080f-39a3-41d6-b651-bcfa3c14026d
1720;1722;Great Bubonic Plague of Marseille (France);https://wikipedia.org/wiki/Great_Plague_of_Marseille;Health;40f15b23-23cd-4247-a9bc-04483afd662c
1750;;Peak of the Little Ice Age;https://wikipedia.org/wiki/Little_Ice_Age;Disaster;b12bb612-edab-4344-84df-8a2650564eb6
1755;;The Lisbon earthquake occurs;https://wikipedia.org/wiki/1755_Lisbon_earthquake;Disaster;a4465e17-e542-4116-bee2-8a79af01b389
1756;1763;The Seven Years' War is fought among European powers;https://wikipedia.org/wiki/Seven_Years%27_War;Politics;0ce79748-0399-449b-a05c-a6ff0b450263
1769;1770;James Cook explores and maps New Zealand and Australia;https://wikipedia.org/wiki/James_Cook;Science;528a2517-5e14-49af-8855-c64c8dd3cdec
1773;;16 December, the Boston Tea Party.;https://wikipedia.org/wiki/Boston_Tea_Party;History;5246835d-830c-42f2-a147-c55e9ccec5e4
1775;1783;American Revolutionary War;https://wikipedia.org/wiki/American_Revolutionary_War;Politics;5d948351-a6f8-4744-8f45-4bd39a55a713
1783;;Montgolfier brothers invent hot air balloon;https://wikipedia.org/wiki/Hot_air_balloon;Technology;23a3fa85-a6aa-4790-b8cb-b88f80f1480b
1789;1799;French Revolution;https://wikipedia.org/wiki/French_Revolution;Politics;c10862f5-2208-48e6-8c6d-f1aadf75c634
1789;;Declaration of the Rights of Man and of the Citizen adopted;https://wikipedia.org/wiki/Declaration_of_the_Rights_of_Man_and_of_the_Citizen;Politics;3fd05043-697c-4970-9633-66eb0a416e5a
1793;1793;Yellow Fever Epidemic (Philadelphia);https://wikipedia.org/wiki/Yellow_Fever_Epidemic_of_1793;Health;d695e5d8-4b3d-4853-8889-cf703a90d336
1796;;Edward Jenner invents the first smallpox vaccination;https://wikipedia.org/wiki/Smallpox_vaccine;Health;e9b9614a-b2e8-4a3c-ad3c-2f4e76999ac8
1803;1815;Napoleonic Wars;https://wikipedia.org/wiki/Napoleonic_Wars;Politics;498381af-14d1-42d4-b195-4748133c9b3b
1804;;First steam locomotive;https://wikipedia.org/wiki/Steam_locomotive;Technology;22386e90-1764-4600-acc7-5af0de81d886
1816;;The year without a summer;https://wikipedia.org/wiki/Year_Without_a_Summer;Disaster;91ce27e2-4afb-4b75-a99b-3909d75c320e
1817;1824;First Cholera Pandemic (Asia, Europe);https://wikipedia.org/wiki/Cholera_outbreaks_and_pandemics;Health;43045277-cb91-46d5-bf2d-7d3d73c187af
1820;1842;Industrial revolution - child labor;https://wikipedia.org/wiki/Industrial_Revolution;Society;e7a72e2a-17e5-40f5-a12e-0212f5e6a2f0
1825;;First public railway;https://wikipedia.org/wiki/Stockton_and_Darlington_Railway;Technology;d31b6b9a-16a2-416c-a145-48495465e110
1827;;Nicéphore Niépce invents photography.;https://wikipedia.org/wiki/Nic%C3%A9phore_Ni%C3%A9pce;Technology;c697d426-9d66-4648-9600-5ff3ffd96f97
1830;;Beginning of Church of Christ of Latter Day Saints;https://wikipedia.org/wiki/Church_of_Christ_(Latter_Day_Saints);Society;a6135537-2667-4018-8f11-b5945b28b22c
1831;1836;Charles Darwin's journey aboard HMS Beagle;https://wikipedia.org/wiki/Charles_Darwin;Science;a3071d64-fa56-4257-8725-651ec947e457
1837;;Telegraphy patented.;https://wikipedia.org/wiki/Telegraphy;Technology;6706c783-91c1-4076-993a-67e821a0c144
1842;;Anaesthesia used for the first time;https://wikipedia.org/wiki/Anesthesia;Health;c6b41324-4549-494c-a1af-92bc426374b2
1845;1849;The Great Famine of Ireland leads to the Irish diaspora;https://wikipedia.org/wiki/Great_Famine_(Ireland);Disaster;2ad7b2ea-dc2e-4097-901e-c1d38e37f119
1845;;Lunacy Act;https://wikipedia.org/wiki/Lunacy_Act_1845;Politics;f8c31378-1eb5-438c-b80d-ade356d817cf
1855;1860;Third Bubonic Plague Pandemic (China, India, worldwide);https://wikipedia.org/wiki/Third_plague_pandemic;Health;9cb7df6e-3462-47af-9924-78a8fb0ac37d
1859;1869;Suez Canal constructed;https://wikipedia.org/wiki/Suez_Canal;Technology;bbad411c-6af5-4346-a50d-0c598238f181
1861;1865;American Civil War;https://wikipedia.org/wiki/American_Civil_War;Politics;96edb913-fe13-4816-9b07-f0ec5203d069
1863;; Formation of the International Red Cross;https://wikipedia.org/wiki/International_Red_Cross_and_Red_Crescent_Movement;Society;a086d0bf-4b53-4a90-a888-5af0370b5e6f
1864;; First Geneva Convention;https://wikipedia.org/wiki/First_Geneva_Convention;Politics;d2e1b81b-09a3-4578-95b2-ee3c62d97180
1869;;Dmitri Mendeleev created the Periodic table;https://wikipedia.org/wiki/Periodic_table;Science;cfdeb9fc-e590-4e5f-8bc6-bc7ae8cad2af
1871;1914;Second Industrial Revolution;https://wikipedia.org/wiki/Second_Industrial_Revolution;Technology;afdee6dc-dd02-4f06-b9c5-3e9e8e9d1ac3
1877;;Thomas Edison invents the phonograph;https://wikipedia.org/wiki/Phonograph;Technology;2d5b8c78-664b-48d1-949f-27eb7d5ca1eb
1886;;Karl Benz sells the first commercial automobile;https://wikipedia.org/wiki/Car;Technology;edfd5416-2d87-4fce-914e-ffa6e17648b1
1889;1890;Russian Flu (Worldwide);https://wikipedia.org/wiki/1889%E2%80%931890_pandemic;Health;76a6043e-f85c-48a5-b7b9-367cdddbdca8
1893;;New Zealand becomes the first country to enact women's suffrage;https://wikipedia.org/wiki/Women%27s_suffrage;Politics;5ae06319-a2cf-4cb3-bbab-8e05bd90a716
1895;;Wilhelm Röntgen identifies x-rays;https://wikipedia.org/wiki/X-ray;Science;fc2a043a-fb41-4a15-9a13-3bde2e21fb43
1901;; Guglielmo Marconi received the first transatlantic radio signal.;https://wikipedia.org/wiki/Guglielmo_Marconi;Technology;c6258356-31e2-491d-9ffd-2839a8ab0890
1903;;First controlled heavier-than-air flight of the Wright brothers;https://wikipedia.org/wiki/Wright_brothers;Technology;cab9712a-7e83-4da4-b623-bd4314724c1d
1908;;Ford model T invented;https://wikipedia.org/wiki/Ford_Model_T;Technology;d92ef5d7-c122-4ff5-8d13-308d7afde61e
1908;;Messina earthquake;https://wikipedia.org/wiki/1908_Messina_earthquake;Disaster;245e855a-f2de-4ef8-b8a1-58855ffa7e88
1911;; Roald Amundsen first reaches the South Pole;https://wikipedia.org/wiki/Roald_Amundsen;Science;0b1eb0c8-8127-474d-a42b-fdfc07b3d838
1912;;Sinking of the RMS Titanic;https://wikipedia.org/wiki/Sinking_of_the_Titanic;Disaster;3ab25c7e-8b18-41ba-be3a-7ec002877d7a
1914;1918;WWI;https://wikipedia.org/wiki/World_War_I;Politics;e71bd1da-bf40-459b-a981-4b59568a2820
1917;;Russian Revolution;https://wikipedia.org/wiki/Russian_Revolution;Politics;e41eccd2-17ab-4f7c-b252-59bdde866eea
1918;1920;Spanish Flu (Worldwide);https://wikipedia.org/wiki/Spanish_flu;Health;ac8bc6db-a61f-4be6-b8f4-e79a949ecf58
1919;; Treaty of Versailles;https://wikipedia.org/wiki/Treaty_of_Versailles;Politics;3a6e054b-c6e1-4ad5-8d31-73a1b47f1d9c
1927;;First nonstop flight from New York City to Paris;https://wikipedia.org/wiki/Charles_Lindbergh;Technology;ecadc542-7c0e-43ae-9299-8e758da02502
1927;;World population reaches two billion;https://wikipedia.org/wiki/World_population;Society;5c13f0ab-1bfa-4bc8-acb2-b927c2fd362c
1928;;Discovery of penicillin;https://wikipedia.org/wiki/Penicillin;Health;22325fae-87f6-4c10-ae62-07d3565d8ca4
1933;1945;Hitler is ruling Germany;https://wikipedia.org/wiki/F%C3%BChrer;Politics;4621b9d6-7876-4cf4-9adb-19f882d73fb3
1938;;Kristallnacht;https://wikipedia.org/wiki/Kristallnacht;Politics;5464eac8-b23c-4990-97f3-ede7d8cbdb42
1939;1945;WWII;https://wikipedia.org/wiki/World_War_II;Politics;d644b319-913c-4a39-ac1b-13c5ef24bfdd
1944;;First computer  Colossus;https://wikipedia.org/wiki/Colossus_computer;Technology;328c07df-c177-475b-88b5-f62e32e5e7f5
1952;; polio vaccine;https://wikipedia.org/wiki/Polio_vaccine;Health;631905db-b79a-4117-87d2-4ad3d818a05a
1957;1958;Asian Flu (Worldwide);https://wikipedia.org/wiki/Asian_flu;Health;d0446047-33c8-4acb-a8be-22c49059ed23
1968;1969;Hong Kong Flu (Worldwide);https://wikipedia.org/wiki/Hong_Kong_flu;Health;9288411b-be06-41ae-aa93-0ea3f93edf07
1981;;HIV/AIDS (Worldwide);https://wikipedia.org/wiki/HIV/AIDS;Health;03818b8c-d805-4887-bd18-057e77cdbb65
2002;2003;SARS (Asia, worldwide);https://wikipedia.org/wiki/SARS;Health;699f30b9-6a20-47c0-88df-aa684f200ca3
2009;2010;Swine Flu (Worldwide);https://wikipedia.org/wiki/2009_flu_pandemic;Health;7fa081d1-0a25-4ce5-add6-773dd4f3f38a
2014;2016;Ebola (West Africa);https://wikipedia.org/wiki/Ebola_virus_disease;Health;de31a944-c44e-4f10-a164-b9d4e66afb09
2015;2016;Zika Virus (Americas);https://wikipedia.org/wiki/Zika_virus;Health;c770c994-ef54-41c2-82d2-948506bc5bde
2019;2023;COVID-19 (Worldwide);https://wikipedia.org/wiki/COVID-19_pandemic;Health;621e6b17-ca2a-46bb-a4dc-15f55f1aad26
