date;event;note;type;Event ID
########################################################
## FORMAT: webtrees historic-events
## TOPIC: Historische Ereignisse: Schweiz
## LANGUAGE: de
## REGION: Schweiz
## VERSION: 1.1
## AUTHOR: Peter Jehli-Kamm, baum.jehli.ch
## CONTACT: http://baum.jehli.ch/
########################################################
AUG 1291;Gründung der Alten Eidgenossenschaft;Uri, Schwyz und Unterwalden (Obwalden und Nidwalden) begründen die Eidgenossenschaft.;Historic event: Switzerland;671355cd-e3d9-484e-a96c-5ce0c4753a75
@#DJULIAN@ 15 NOV 1315;Schlacht am Morgarten;"Eidgenossen besiegen Habsburger; siehe [wikipedia {{wikipedia}}](https://{{wikipedia}}.wikipedia.org/wiki/Schlacht_am_Morgarten ).";Historic event: Switzerland;71d74c4b-a841-4a35-a5b9-5b031474a897
1332;Luzern tritt Eidgenossenschaft bei;Stadt Luzern tritt der Eidgenossenschaft bei.;Historic event: Switzerland;cc329d2a-5b2f-4d08-96d3-598fc4a1752d
1351;Zürich tritt Eidgenossenschaft bei;Stadt Zürich tritt der Eidgenossenschaft bei.;Historic event: Switzerland;7473a310-ab91-4650-93dc-d1a9d94549ad
1352;Glarus und Zug treten Eidgenossenschaft bei;Land Glarus sowie Stadt und Land Zug treten der Eidgenossenschaft bei.;Historic event: Switzerland;f25498d0-44e2-4e47-9766-b1a9c40a5f97
1353;Bern tritt Eidgenossenschaft bei;Stadt Bern tritt der Eidgenossenschaft bei.;Historic event: Switzerland;e4503b96-4ee7-4e3e-914d-69dff8f3ef5f
@#DJULIAN@ 18 OCT 1356;Erdbeben in Basel;"mindestens Stärke 9, 100–2.000 Menschen verlieren ihr Leben; siehe [wikipedia {{wikipedia}}](https://{{wikipedia}}.wikipedia.org/wiki/Basler_Erdbeben_1356 ).";Historic event: Switzerland;89209e24-9565-4412-b10d-f6f3f352db44
@#DJULIAN@ 29 JAN 1367;Gründung des Gotteshausbunds;In Rätien wird der Gotteshausbund gegründet.;Historic event: Switzerland;e022b69c-c0c2-4b4a-9420-af2db072be8c
@#DJULIAN@ 21 FEB 1385;Beitritt zum Bund der Reichstätte;Zürich, Bern, Solothurn und Zug treten dem Bund der Reichsstädte bei.;Historic event: Switzerland;fac5d441-57db-4a84-9e9c-a89a9d7d3fab
@#DJULIAN@ 09 JUL 1386;Schlacht bei Sempach;Luzern, Uri, Schwyz und Unterwalden besiegen Habsburg.;Historic event: Switzerland;d23c28bf-62c2-446b-9205-25ec527c3018
FROM @#DJULIAN@ 21 FEB 1388 TO @#DJULIAN@ 22 FEB 1388;Mordnacht von Weesen;In der Nacht werden Glarner und Schwyzer Besatzer von Habsburgern überrascht und gemeuchelt.;Historic event: Switzerland;f23c8550-ff1d-4063-a67f-a1a14c0a6957
@#DJULIAN@ 09 APR 1388;Schlacht bei Näfels;Glarner, Schwyzer und ein paar Urner besiegen Habsburg;Historic event: Switzerland;0c625f90-513a-4f86-8c63-479dbcfbb148
@#DJULIAN@ 11 APR 1388;Weesen brennt;Weesen wird von den Österreichern in Brand gesteckt.;Historic event: Switzerland;ed6cf4dc-2c47-41d3-9467-19c941a7836a
@#DJULIAN@ 02 APR 1389;Fahrtsbrief;Die Glarner beschließen, den Sieg von 1388 alljährlich durch einen Kreuzgang nach Näfels zu feiern.;Historic event: Switzerland;0097fe9b-4fb9-41a7-86e2-c3eadec0df4f
@#DJULIAN@ 14 FEB 1395;Gründung des Grauen Bunds;In Rätien wird der Obere Bund – auch Grauer Bund genannt – gegründet.;Historic event: Switzerland;3242b508-ec5d-4b81-937e-8915b7323145
@#DJULIAN@ 17 JUL 1395;Loskauf von Säckingen;Glarus kauft sich von Säckingen los.;Historic event: Switzerland;2bd1ee8d-193a-48f9-99e3-5cfc2a6ecd9c
@#DJULIAN@ 25 SEP 1396;Schlacht bei Nikopolis;Osmanen besiegen Kreuzfahrer.;Historic event: Switzerland;321a40b7-c0ed-4212-a039-8a863cec78a2
@#DJULIAN@ 17 JAN 1401;Bund Appenzells mit St. Gallen;Die Appenzeller schließen einen Bund mit der Stadt St. Gallen.;Historic event: Switzerland;8ff2aa03-a635-47eb-95dc-36d4997b4258
@#DJULIAN@ 15 MAY 1403;Schlacht bei Vögelinsegg;Die Appenzeller besiegen einer Heer des St. Galler Fürstabts Kuno von Stoffeln.;Historic event: Switzerland;7233acb0-f282-4238-ab4b-6dc7354da326
@#DJULIAN@ 17 JUN 1405;Schlacht am Stoss;Während der Appenzellerkriege besiegt Appenzell ein habsburgisch-st.-gallisches Heer;Historic event: Switzerland;48aa38fa-d4a0-45f4-97ce-d425c84e1466
@#DJULIAN@ 30 JUN 1422;Schlacht bei Arbedo;Das Herzogtum Mailand besiegt die Alte Eidgenossenschaft (Ennetbirgische Feldzüge 1402–1515);Historic event: Switzerland;0924e132-4e39-4767-b784-36836d87e1a6
@#DJULIAN@ 08 JUN 1436;Gründung des Zehngerichtebunds;Zu Davos wird der Zehngerichtebund gegründet.;Historic event: Switzerland;39db0939-792a-4f69-af1f-c52790472e5b
FROM @#DJULIAN@ 02 NOV 1440 TO @#DJULIAN@ 12 JUN 1446;Alter Zürichkrieg;Der Alte Zürichkrieg oder Toggenburger Erbschaftskrieg war ein Konflikt zwischen Zürich und der restlichen Eidgenossenschaft. Durch Zürichs Bündnis mit Habsburg erhielt der Krieg überregionale Dimensionen.;Historic event: Switzerland;3acd360d-63cf-4139-9db0-7aa95fb8769c
@#DJULIAN@ 22 JUL 1443;Schlacht bei St. Jakob an der Sihl;Die Eidgenossen besiegen die Stadt Zürich (Alter Zürichkrieg).;Historic event: Switzerland;f2b39d04-f2d1-4128-9861-77754cd16e6c
@#DJULIAN@ 26 AUG 1444;Schlacht bei St. Jakob an der Birs;Armagnaken (Kgr. Frankreich) besiegen die Eidgenossen während des Konzils von Basel (Alter Zürichkrieg).;Historic event: Switzerland;cc225446-5bb9-4545-b653-9612a3322cd6
@#DJULIAN@ 06 MAR 1446;Schlacht bei Ragaz;Die Eidgenossen besiegen in der letzten Schlacht des Alten Zürichkriegs die Österreicher und Zürich.;Historic event: Switzerland;3f3a9c3d-a319-48b6-890a-6b2a4c73493e
@#DJULIAN@ 06 JUL 1449;Schlacht bei Castione;Uri unterliegt der Ambrosianischen Republik (Mailand) während der Ennetbirgischen Feldzüge 1402–1515.;Historic event: Switzerland;99723c4a-199f-4d75-99e2-c9ceff881b16
@#DJULIAN@ 12 NOV 1459;Stiftung der Universität Basel;Papst Julius II. stiftet die Universität Basel.;Historic event: Switzerland;a1d2f5b7-0c38-4d6a-ac41-46ce0190bb02
@#DJULIAN@ 13 NOV 1474;Schlacht bei Héricourt;Eidgenossen und Verbündete (u.a. Habsburger u. Elsäßer) besiegen Burgund.;Historic event: Switzerland;8b368033-3aa6-4054-b332-08631c827aa9
@#DJULIAN@ 13 NOV 1475;Schlacht auf der Planta;Die sieben Zenden (Wallis) und Bern besiegen Savoyen bei Sion.;Historic event: Switzerland;52f9e802-2c80-4c0f-a334-fba9ee1c1cbc
@#DJULIAN@ 02 MAR 1476;Schlacht bei Grandson;In der ersten großen Auseinandersetzung der Burgunderkrieg siegen die Eidgenossen gegen burgundischen Truppen des Herzogs Karl des Kühnen.;Historic event: Switzerland;08dba1b2-2ad7-4328-bce4-c484a6b89f58
@#DJULIAN@ 22 JUN 1476;Schlacht bei Murten;Im Rahmen der Burgunderkriege besiegen die Eidgenossen in der zweiten großen Schlacht ein Heer des Herzogs Karl des Kühnen.;Historic event: Switzerland;5d1a8839-c0fa-48e4-8e31-34d82e30e1b4
@#DJULIAN@ 05 JAN 1477;Schlacht bei Nancy;In der letzten Auseinandersetzung der Burgunderkriege siegen die für René II. von Lothringen kämpfenden Eidgenossen gegen Karl den Kühnen. Dieser verstirbt an einem Hellebardenhieb.;Historic event: Switzerland;65ba07cb-3414-4cc0-b592-1174b95db153
@#DJULIAN@ 28 DEC 1478;Schlacht bei Giornico;Die Eidgenossen besiegen ein Heer des Herzogtums Mailand (Ennetbirgische Feldzüge 1402–1515);Historic event: Switzerland;21f12473-0cff-4077-a6e5-207c9f531907
1481;Freiburg und Solothurn treten Eidgenossenschaft bei;Die Städte Freiburg (im Üechtland) und Solothurn treten der Eidgenossenschaft bei.;Historic event: Switzerland;abc30cde-9a0d-455e-9fbe-eddb4706573b
@#DJULIAN@ 06 APR 1489;Hinrichtung Waldmanns;In Zürich wird der Bürgermeister Hans Waldmann hingerichtet. Dankbar nahm er entgegen, mit dem Schwert und nicht auf andere Weise hingerichtet zu werden. Seine letzte Worte: «Bewahr dich Gott vor Leid, mein liebes Zürich.»;Historic event: Switzerland;514f3a8c-60fa-493e-9e3a-7ed451de9f2e
FROM @#DJULIAN@ 28 JUL 1489 TO 1490;St. Gallerkrieg;Fürstabt von St. Gallen mit Zürich, Luzern, Schwyz und Glarus besiegt Appenzell und die Stadt St.Gallen.;Historic event: Switzerland;3f3bd87e-f3bb-4a30-9b49-81ebe496297c
@#DJULIAN@ 22 MAR 1499;Gefecht am Bruderholz;Während des Schwabenkriegs besiegen die Eidgenossen den Schwäbischen Bund.;Historic event: Switzerland;cd92cccd-6273-40ec-bd74-725ad4b8d49b
@#DJULIAN@ 11 APR 1499;Schlacht im Schwaderloh;Während des Schwabenkriegs besiegen die Eidgenossen den Schwäbischen Bund.;Historic event: Switzerland;ca057f45-e0ba-4316-9189-0891c5c59db0
@#DJULIAN@ 20 APR 1499;Schlacht bei Frastanz;Während des Schwabenkriegs besiegen die Eidgenossen den Schwäbischen Bund.;Historic event: Switzerland;6562a98f-60f8-4a75-9674-92a48dec0776
@#DJULIAN@ 22 MAY 1499;Schlacht an der Calven;Während des Schwabenkriegs besiegen die Drei Bünde und die Eidgenossen den Schwäbischen Bund und König Maximilian I. von Österreich.;Historic event: Switzerland;3d1e1374-b753-4a46-9077-8ee9ec147198
@#DJULIAN@ 22 JUL 1499;Schlacht bei Dornach;Während des Schwabenkriegs besiegen die Eidgenossen den Schwäbischen Bund und König Maximilian I. von Österreich.;Historic event: Switzerland;ca322ae7-2c12-4559-9762-8ae3a22d0c74
1501;Basel und Schaffhausen treten Eidgenossenschaft bei;Städte Basel und Schaffhausen treten der Eidgenossenschaft bei.;Historic event: Switzerland;bb5bdc25-cbee-455b-851e-52a9fe4c46f5
@#DJULIAN@ 11 APR 1503;Bellinzona an die Waldstätte;Frankreich tritt Bellinzona an die Waldstätte ab.;Historic event: Switzerland;68f3e448-9975-484e-a2c4-2ad8ac3d04b9
@#DJULIAN@ 21 SEP 1506;Zwingli wird Pfarrer in Glarus;Pfarrinstallation Ulrich Zwinglis in Glarus.;Historic event: Switzerland;c2cfb7e2-95db-4ffb-9692-96fe855de168
1513;Appenzell tritt Eidgenossenschaft bei;Land Appenzell tritt der Eidgenossenschaft bei.;Historic event: Switzerland;829fefa0-b088-4efc-89ae-ff02a8cdf9f5
@#DJULIAN@ 06 JUN 1513;Schlacht bei Novara;Die Eidgenossen besiegen während der italienischen Kriege Frankreich unter König Louis XII.;Historic event: Switzerland;ef91169c-978e-4ab5-95e4-32f18b10ff4e
FROM @#DJULIAN@ 13 SEP 1515 TO @#DJULIAN@ 14 SEP 1515;Schlacht bei Marignano;Frankreich und Venedig besiegen die Dreizehn Alten Orte.;Historic event: Switzerland;ea7c08f4-60a1-4c57-b2d4-de3d48f72dcb
@#DJULIAN@ 14 APR 1516;Zwingli wird Leutprieser in Einsiedeln;Nachdem Zwingli Anfang 1516 in Glarus für drei Jahre beurlaubt wurde, resp. Glarus verlassen musste, beruft ihn Diebold von Geroldseck als Leutpriester und Prediger in das Kloster Maria-Einsiedeln.;Historic event: Switzerland;4f99ccbc-8ba8-4808-978d-c31d6c3e1a18
@#DJULIAN@ 01 JAN 1519;Zwingli wird Leutprieser in Zürich;Zwingli wird Leutpriester im dem Bistum Konstanz zughörigen Großmüsterstift.;Historic event: Switzerland;09981087-5bb5-4e75-b669-e9206d427c2a
@#DJULIAN@ 27 APR 1522;Schlacht bei Bicocca;In der Schlacht bei Bicocca unterliegen die an der Seite der Franzosen und Venezier kämpfenden Eidgenossen einem spanisch-habsburgischen Heer. Diese Niederlage war maßgeblich auf die Überlegenheit der spanischen Arkebusiere und Artillerie über die Eidgenössischen Pikeniere zurückzuführen.;Historic event: Switzerland;1b720b8b-453c-44a2-9f53-f80a957a28e0
@#DJULIAN@ 23 SEP 1524;Freitstaat der Drei Bünde entsteht;Mit dem Bundesbrief geben sich der Gotteshausbund, der Graue Bund (Obere Bund) und der Zehngerichtebund eine gemeinsame Verfassung.;Historic event: Switzerland;8e0007fe-2c75-41f9-8e90-9921b7e46e7c
@#DJULIAN@ 07 FEB 1528;Bern wird reformiert;In Bern wird die Reformation eingeführt.;Historic event: Switzerland;6bf31afe-bb77-4624-ae7b-964357edd531
@#DJULIAN@ 26 JUN 1529;Erster Landfrieden;Im Ersten Kappeler Landfrieden wurde die Reformation durch die fünf katholischen Orte formell anerkannt. Im Gegenzug erhielten diese ihren Glauben garantiert. Zum ersten Mal wurde das gleichwertige Nebeneinander der Konfessionen gewährt.;Historic event: Switzerland;30a4e0e7-2b90-4569-b0fc-158f90ead138
@#DJULIAN@ 11 OCT 1531;Schlacht bei Kappel;In der Schlacht bei Kappel im Rahmen des Zweiten Kappelerkriegs der katholischen Orte gegen Zürich, verliert Zürich. Der Reformator gerät in Gefangenschaft und wird getötet. Sein Leichnam lassen die katholischen Truppen vierteilen und verbrennen. Die Asche wird in den Wind gestreut.;Historic event: Switzerland;0248be88-849e-43d8-b28d-ea1fa7261f8b
@#DJULIAN@ 06 JAN 1536;Waadt kommt zu Bern;Die Waadt wird von den Bernern eingenommen.;Historic event: Switzerland;5e41e4d3-55c5-4c1a-886b-597d1e7ed6ff
24 OCT 1648;Westfälischer Friede;Der erste moderne Friedensvertrag beendet den Dreißigjährigen Krieg. Die Eidgenossenschaft wird reichsfrei.;Historic event: Switzerland;c25d4eac-32e9-439a-a7e9-e20bd7304da6
06 JAN 1656;Kriegserklärung Zürichs an Schwyz;Zürich erklärt im Namen der reformierten Orte Schwyz den Krieg.;Historic event: Switzerland;465c67bc-9401-4b51-b790-798fe1393048
FROM 05 JAN 1656 TO 07 MAR 1656;Erster Villmergerkrieg;"Der Krieg der reformierten Orte Zürich und Bern gegen die katholische Innerschweiz endet mit dem Sieg der Katholiken und dem Erhalt der katholischen Hegemonie; siehe [wikipedia {{wikipedia}}](https://{{wikipedia}}.wikipedia.org/wiki/Erster_Villmergerkrieg ).";Historic event: Switzerland;9d93ae29-8e6c-4891-938d-33751dda73e6
24 NOV 1721;Werdenberger Landeshauptmann in Glarus begraben;Nach einem peinlichen Verhör (Folter) ist der Werdenberger Landeshauptmann Johannes Hilty in Glarner Gefangenschaft verstorben. Er sei ehrlich begraben worden, wie die Behörden den Hinterbliebenen ausrichten lassen.;Historic event: Switzerland;be5313af-9182-4ff9-859f-328a07e2498e
13 JUN 1782;Hinrichtung der Anna Göldi;Die Magd war der Hexerei beschuldigt und vom Evangelischen Rat zum Tode verurteilt. Die Hinrichtung durch das Schwert findet in Glarus statt.;Historic event: Switzerland;be0e3769-9191-427f-879d-6c2332bb1d81
14 JUL 1789;Sturm auf die Bastille;Mit dem Sturm beginnt die Französische Revolution. Die Bastille wurde von gut hundert Mann, davon 32 Schweizer Söldner verteidigt.;Historic event: Switzerland;4eb9c1d8-8f4c-4e6e-915b-ad82a990e1ea
10 AUG 1792;Tuileriensturm;"Aufständische Bevölkerungsteile stürmen die von der Schweizergarde verteidigte königliche Residenz, den Tuilerienpalast. 550 bis 700 Schweizgardisten verlieren im Massaker das Leben; siehe [wikipedia {{wikipedia}}](https://{{wikipedia}}.wikipedia.org/wiki/L%C3%B6wendenkmal_Luzern ).";Historic event: Switzerland;e2d70397-1dfc-4590-91ba-69bafc1c01a2
24 JAN 1798;Waadt erklärt Unabhängigkeit;Die Waadt erklärt sich von Bern unabhängig.;Historic event: Switzerland;e97a1ef0-22b0-434f-85d8-ce7c8a90b4a8
11 MAR 1798;Werdenberg ist frei;Die Glarner Landsgemeinde beschließt unter dem Druck der politischen Umwälzungen, den Werdenbergern die Freiheit zu schenken.;Historic event: Switzerland;27a7155f-dee6-41ac-ba1e-dbbfae12944e
12 APR 1798;Ausrufung der Helvetischen Republik;Die Helvetische Republik wird als Tochterrepublik Frankreichs ins Leben gerufen.;Historic event: Switzerland;4064cb1f-2431-4f9b-9902-ab74f48f9147
FROM 07 SEP 1798 TO 09 SEP 1798;Schreckenstage von Nidwalden;Die Franzosen überfallen Nidwalden und bringen unsägliches Leid auch über die Zivilbevölkerung. Unter den 400 Nidwaldner Opfern des französischen Massakers befinden sich über hundert Frauen und 26 Kinder.;Historic event: Switzerland;7a6ded1b-57ad-494e-8c29-d1ba8493102b
FROM 04 JUN 1799 TO 07 JUN 1799;Erste Schlacht um Zürich;Österreichische und russische Truppen besiegen Frankreich.;Historic event: Switzerland;bcfdcc2e-5545-4740-9d5c-c3e049b73e83
FROM 25 SEP 1799 TO 26 SEP 1799;Zweite Schlacht um Zürich;Französische Truppen besiegen Truppen Russlands und Österreichs.;Historic event: Switzerland;3a8bb009-ee10-4629-b52b-eb3e3549ee5e
01 OCT 1799;Schlacht im Muotatal;Die russischen Truppen besiegen Frankreich.;Historic event: Switzerland;4bde5a38-dbd7-4516-918c-181a856ce10c
FROM 06 OCT 1799 TO 06 OCT 1799;General Suworow überquert Panixer;Die geschwächte russische Armee Suworow überquert den Panixer am 6./7. Oktober 1799. Etwa 2000 Soldaten, ebenso viele Lasttiere und alle 25 Geschütze gehen verloren.;Historic event: Switzerland;25e18f46-2d9b-4c24-acea-188e6e4c7d1d
FROM 07 JAN 1800;Auflösung des helvetischen Direktoriums;Die Direktoren Laharpe, Oberlin und Secrétan werden abgesetzt und das Direktorium als Institution überhaupt abgeschafft.;Historic event: Switzerland;19713846-6792-4f00-aeb0-232e0511599f
10 MAR 1803;Auflösung der Helvetischen Republik;Die Helvetische Republik wird aufgelöst. Es folgt die Mediationszeit als faktisch französischer Vasallenstaat.;Historic event: Switzerland;87496b34-b20a-4c4b-a551-ee5c5860f775
21 OCT 1805;Schlacht von Trafalgar;In der Seeschlacht am südspanischen Kap Trafalgar wurden die Franzosen und Spanier von den Briten vernichtend geschlagen. Der Traum Napoleons, Großbritannien zu überfallen, war damit ausgeträumt. Auf französischer Seite kämpften auch viele Schweizer.;Historic event: Switzerland;f1046fa6-36e4-439e-bd7f-f9dec9d10f2b
02 SEP 1806;Bergsturz von Goldau;Der Bergsturz von Goldau tötet 457 Menschen und 323 Stück Vieh. Er zerstört 111 Wohnhäuser, 220 Ställe und Scheunen sowie zwei Kirchen und zwei Kapellen. Die Dörfer Goldau und Röthen sind verschwunden und der Lauerzersee in der Fläche um den siebten Teil kleiner geworden.;Historic event: Switzerland;bee9fbaa-8c73-49aa-a9ea-ff862e056fec
FROM 26 NOV 1812 TO 28 NOV 1812;Schlacht an der Beresina;Diese letzte Schlacht von Napoleons Russlandfeldzug gleicht einem Desasters. Die Grande Armée verliert 30'000 der 75'000 Soldaten auf der Flucht über die Beresina. Etwa 1'000 Schweizer verlieren ihr Leben.;Historic event: Switzerland;14c15a71-9742-4035-addb-36f7241b56cd
FROM 18 SEP 1814 TO 09 JUN 1815;Wiener Kongress;Der Kongress ordnet nach der Niederlage Napoleon Bonapartes Europa neu. Die Schweiz bleibt bestehen, ohne das Veltlin, Chiavenna, Bormio und Mulhouse.;Historic event: Switzerland;9ea6212e-cb77-4641-a6ff-36aac0d18c36
07 AUG 1815;Bundesvertrag von 1815;In Zürich wird der Fünfzehnerbund begründet, ein loses Bündnis souveränder Staaten (Kantone).;Historic event: Switzerland;c59239f1-9998-42b1-9434-559793389114
FORM 13 SEP 1515 TO 14 SEP 1515;Schlacht bei Marigniano;In der Schlacht um das Herzogtum Milano unterliegen die Eidgenossen dem Königreich Frankreich. De facto beendet diese Niederlage die Eidg. Expansionspolitik.;Historic event: Switzerland;35c9eb44-1b27-4a3b-9eb2-08e189f086c1
01 AUG 1819;erste Militärschule der Schweiz;In Thun wird die erste Militärschule der Schweiz eröffnet.;Historic event: Switzerland;09f135f1-01f3-4a7f-b136-e93304bec4bf
02 MAR 1825;Lawinenunglück in Valendas GR;Die Lawine am Dorfbärg in Valendas reisst fünf Männer in den Tod.;Historic event: Switzerland;9a2378a4-d1c4-4614-819c-4974096a811d
17 AUG 1835;Einführung des metrischen Systems in der Schweiz;Die Schweiz führt das metrische System als Referenzsystem ein.;Historic event: Switzerland;3701c92e-4a78-4286-aaee-51e065014503
11 JAN 1841;Gefecht bei Villmergen;Regierungstruppen marschieren ins Freiamt ein und liefern sich ein Gefecht mit den Aufständischen. Zwei Soldaten und sieben Aufständische fallen.;Historic event: Switzerland;414ab34f-8395-4388-adc1-a0e8004aa0ee
FROM 30 MAR 1845 TO 31 MAR 1845;Gefecht bei Malters;Militärische Auseinandersetzung zwischen Schweizer Regierungstruppen und Freischärlern während des Zweiten Freischarenzugs.;Historic event: Switzerland;a59e6f36-4ef0-448d-b0ba-78578a5d7703
09 AUG 1847;Eröffnung der ersten Eisenbahnstrecke der Schweiz;Die erste gesamthaft in der Schweiz liegende Eisenbahnstrecke wird zwischen Zürich und Baden eröffnet. Der Volksmund tauft sie «Spanisch-Brötli-Bahn».;Historic event: Switzerland;856b6573-d5fb-4d51-96d4-f57b3027d7a9
FROM 03 NOV 1847 TO 29 NOV 1847;Sonderbundkrieg;"Der Bürgerkrieg in der Schweiz war die letzte militärische Auseinandersetzung auf Schweizer Boden. Die Kapitulation des Kantons Wallis beendete den Krieg, der 150 Menschen das Leben kostete; siehe [fam.jehli.ch pdf](http://fam.jehli.ch/joomla/images/ab/AB001.pdf )";Historic event: Switzerland;39be8787-823c-48f1-8cb1-0ccf91e2cc06
12 SEP 1848;Bundesverfassung von 1848;Die erste Bundesverfassung der Schweizerischen Eidgenossenschaft tritt in Kraft.;Historic event: Switzerland;a55e79d8-331f-4ebe-b4a6-d5f83037605f
16 NOV 1848;Wahl des ersten Bundesrats;Die vereinigte Bundesversammlung wählt den ersten Bundesrat.;Historic event: Switzerland;a4ea66df-0540-4c3f-be79-e93689aa5f45
FROM 16 NOV 1848 TO 31 DEC 1849;Erster Bundespräsident;"Jonas Furrer (1805-1861) ist der erste Bundespräsident der Schweiz; siehe [wikipedia {{wikipedia}}](https://{{wikipedia}}.wikipedia.org/wiki/Jonas_Furrer ).";Historic event: Switzerland;32e2fa68-f8bb-46af-b477-a88018637812
01 JAN 1852;Schweizer Franken;Das neue schweizerische Münzsystem tritt in Kraft.;Historic event: Switzerland;e1d1bbec-80b2-43a9-9e10-ca447c6e5958
15 OCT 1855;Eröffnung der ETH Zürich;In Zürich wird das Eidgenössische Polytechnikum eröffnet.;Historic event: Switzerland;8581e77e-c69d-45ac-8003-8a9ec263dd62
FROM 12 APR 1861 TO 23 JUN 1865;Sezessionskrieg;Der amerikanische Bürgerkrieg endete mit dem Sieg der Nordstaaten. Er kostete bis zu 750'000 Menschenleben. Rund 6'000 Schweizer kämpften auf der Seite der Union, eine unbekannte Zahl auf der Seite der Konföderierten.;Historic event: Switzerland;bb1dfff9-e5ee-43f1-8402-cb346e5ed1c2
FROM 10 MAY 1861 TO 11 MAY 1861;Brand von Glarus;"Zwei Drittel des Orts Glarus werden beim Brand in der Nacht auf den 11. Mai zerstört; siehe [altglarus.ch](http://www.altglarus.ch )";Historic event: Switzerland;de23bedc-5ad0-4bd0-9a7a-406289c2ccb1
22 MAY 1864;Glarner Landsgemeinde erlässt Fabrikgesetz;Die Glarner Landsgemeinde stimmt dem «Gesetz über die Fabrikpolizei» zu, welche die Tagshöchstarbeitszeit auf 12 Stunden festsetzt, Nachtarbeit und Arbeit Schulpflichtiger verbietet sowie einen minimalen Wöchnerinnenschutz einführt.;Historic event: Switzerland;b1db08bf-e3bd-4e29-bb0d-95edc27d71ef
22 AUG 1864;erste Genfer Konvention;Im Genfer Stadthaus unterzeichnen zwölf Staaten die Konvention «betreffend die Linderung des Loses der im Felddienst verwundeten Militärpersonen»;Historic event: Switzerland;d1ac1be0-32d6-4ea4-b21a-57e7967cbaaa
FROM 01 FEB 1871 TO 03 FEB 1871;Übertritt der Bourbaki-Armee;Die französische, 87'000 Mann starke Bourbaki-Armee wird entwaffnet und in der Schweiz bis März 1871 interniert. Die Schweizer Truppen stehen unter dem Kommando von General Hans Herzog (1819–1894).;Historic event: Switzerland;df8ab329-e73b-451b-a7db-c3d749fd4bf2
9 MAR 1874;Grubenunglück im Landesplattenberg Engi GL;Als sich eine Grubendecke löst, finden drei Männer den Tod. Es ist der einzige Unfall mit Todesfolge im Landesplattenberg.;Historic event: Switzerland;6d47b9dd-1ee1-4ad6-a242-a99f002b0c9d
11 SEP 1881;Bergsturz in Elm;83 Gebäude werden zerstört und 115 Personen verlieren ihr Leben;Historic event: Switzerland;c4b65003-0b66-40a9-9169-c652245a5300
14 JUN 1891;Eisenbahnunfall von Münchenstein;Beim Einsturz einer Eisenbahnbrücke über die Birs sterben 73 Passagiere und 171 werden verletzt. Ein Soldat starb während der Aufräumarbeiten. In der Folge wurden erste Baunormen geschaffen. Die Brücke der Jura-Simplon-Bahn war vom Büro Alexandre Gustave Eiffel geplant und gebaut worden.;Historic event: Switzerland;85a48b28-c995-46e6-a6f0-afbcfea8121b
17 AUG 1900;Autofahrverbot;Die Graubündner Regierung erlässt ein Verbot für das Fahren von Automobilen auf sämtlichen Straßen des Kantons. Das Fahrverbot wird 1925 aufgehoben.;Historic event: Switzerland;e95a5cbd-83e6-4385-9e77-485b394a7d9c
FROM 28 JUL 1914 TO 11 NOV 1918;Erster Weltkrieg;Mit der Kriegserklärung Österreich-Ungarns an Serbien beginnt der Erste Weltkrieg. Mit dem Waffenstillstand von Compiègne endet er. Er fordert unter den Soldaten sind fast 10 Mio. Todesopfer und etwa 20 Mio. Verwundete.;Historic event: Switzerland;f041a28c-06e3-4978-a416-c38d652583d0
FROM 03 AUG 1914 TO 11 DEC 1918;Ulrich Wille ist Schweizer General;Ulrich Wille (1848–1925) wird durch die Bundesversammlung zum General ernannt.;Historic event: Switzerland;f4983af8-f856-47a9-b247-0be785142ffb
11 DEC 1918;Rätoromanisch wird 4. Landessprache;Rund 92% der Schweizer Stimmbürger nehmen die Abstimmungsvorlage an.;Historic event: Switzerland;92b3901d-bd36-42db-989a-2872fa791388
FROM 17 JUL 1936 TO 01 APR 1939;Spanischer Bürgerkrieg;Der Krieg endet mit dem Sieg der Putschisten und führt zur Diktatur Francos. Rund 800 Schweizer kämpften auf der Seite der Republik, etwa drei Dutzend auf der Seite der Putschisten.;Historic event: Switzerland;4fc23810-4bab-4954-89b5-4aa0d64430a8
FROM 30 AUG 1939 TO 20 AUG 1945;Guisan wird Schweizer General;Oberstkorpskommandant Henri Guisan (1874–1960) wird durch die Bundesversammlung zum General ernannt. Er wird der Bundesversammlung 1947 einen 270-seitigen Bericht über die Zeit des Aktivdienstes übergeben.;Historic event: Switzerland;937b576c-b47f-47b9-8741-af16f5bec4e8
FROM 01 SEP 1939 TO 08 MAY 1945;Zweiter Weltkrieg;"Der Zweite Weltkrieg beginnt mit dem deutschen Überfall auf Polen und endet mit der bedingungslosen Kapitulation der deutschen Wehrmacht — schätzungsweise fordert er mit Einbezug der Opfer von Verbrechen und Kriegsfolgen bis zu 80 Mio. Opfer; siehe auch [Kriegsbericht bei fam.jehli.ch](http://fam.jehli.ch/joomla/images/ab/AB002.pdf ).";Historic event: Switzerland;bf5dec80-7b26-42f2-b6a1-1a37a8f0ca41
18 OCT 1940;Letzte zivile Hinrichtung in der Schweiz;In der Strafanstalt Sarnen wird der dreifach Mörder Hans Vollenweider (geb. 1908) mit der Guillotine hingerichtet. Während des zweiten Weltkriegs werden 17 Landesverräter nach Militärstrafrecht erschossen.;Historic event: Switzerland;7354cb71-6aff-4802-9892-6955b2b85667
01 APR 1944;Bombardierung Schaffhausens;Beim schwersten Bombardement Schweizerischen Territoriums verlieren in Schaffhausen vierzig Personen ihr Leben. Über hundert Personen werden verletzt.;Historic event: Switzerland;3ec2bf1b-79dd-44bb-b73b-fffe613f930a
24 AUG 1944;Murgang im Durnagelbach (Linthal GL);Der schwallartige Durchbruch des entstandenen Rückstaus der Linth führte zu Verheerungen der ufernahen Gebiete bis zum Walensee hinunter.;Historic event: Switzerland;e4246609-a800-41e9-9ba1-29fc1d941e53
4 SEP 1963;Flugzeugabsturz bei Dürrenäsch;Eine Swissair-Maschine stürzt beim Flug Zürich-Genf ab. Alle 82 Insassen sterben, darunter 43 aus dem 217 Einwohner zählenden Bauerndorf Humlikon, die eine landwirtschaftliche Versuchsanstalt in der Nähe von Genf besuchen wollten. Das Unglück hinterliess im Dorf 39 Vollwaisen und fünf Halbwaisen.;Historic event: Switzerland;833ec3eb-d01d-4ecd-adee-45795f5172af
21 FEB 1970;Bomenanschlag auf Swissair-Maschine;Bei Würenlingen stürzt die Maschine des Fluges Zürich-Tel Aviv durch einen Paketbombenanschlag palästinensischer Terroristen ab. Alle 47 Insassen, darunter zehn Schweizer, kommen ums Leben.;Historic event: Switzerland;40eb9e11-ec95-44dd-8118-2efa7cf93816
03 MAY 1971;Glarner Landsgemeinde führt Stimm- und Wahlrecht für Frauen ein;"Im Zuge der Eidg. Volksabstimmung vom 7. Februar 1971 erhalten die Glarnerinnen das Stimm- und Wahlrecht in Kanton und Gemeinden; siehe [Video im SRF](http://www.srf.ch/play/tv/me_schonvergessen/video/glarner-sagen-ja-zum-frauenstimmrecht?id=4a134ddb-cd2e-4783-8d94-d7c9dcbde285 ).";Historic event: Switzerland;c451a548-9d46-4bfc-80c9-6395a481c4ff
07 MAY 1972;erste Glarner Landsgemeinde mit Beteiligung der Frauen;Zum ersten Mal nehmen Frauen an einer kantonalen Landsgemeinde teil.;Historic event: Switzerland;c90ef1ba-ad46-4f35-a851-9480b48ad09c
26 APR 1986;Atomunfall Tschernobyl;Eine Kernschmelze in einem Reaktor in Tschernobyl bringt tausend Menschen den Tod und belastet weite Teile Europas radioaktiv. Die radioaktive Wolke erreicht am 30. April 1986 die Schweiz. In der Schweiz sind das Tessin, ein Teil der Ostschweiz und einige Gebiete des Juras die am schlimmsten betroffenen Regionen.;Historic event: Switzerland;7cee85e9-e6f0-4499-9caa-d10daeb68b23
25 FEB 1990;Orkan Vivian fegt über die Gebirgswälder;Der Orkan Vivian kam mit Windböen von bis zu 268 km/h und dauerte bis zum 27. Februar an.;Historic event: Switzerland;0d54bca5-2cbc-465a-869d-2b0f7ea44078
17 NOV 1997;Terroranschlag in Luxor;Beim bis dahin blutigsten Terroranschlag auf Touristen werden in der oberägyptischen Stadt Luxor 72 Menschen von radikalen Islamisten erschossen, darunter 36 Schweizer.;Historic event: Switzerland;93367329-7013-4394-827f-0e3c90297a84
26 DEC 1999;Orkan Lothar fegt über die Schweiz;Der Orkan Lothar verursacht in der Schweiz CHF 500 Mio. an Gebäudeschäden.;Historic event: Switzerland;d08434c3-9209-471d-9e30-b90a386be773
11 SEP 2001;Terror in New York;Islamistische Terroristen kapern Passagierflugzeuge und steuern diese u.a. in die Zwillingstürme des World Trade Centers in New York. Auch zwei Schweizer verlieren ihr Leben.;Historic event: Switzerland;3ef1d9e1-a0d7-4b3c-adf3-db7c8b6902fb
